{
  "version": 2,
  "buildCommand": "npm run build",
  "devCommand": "npm run dev",
  "installCommand": "npm install",
  "framework": "nextjs",
  "regions": ["fra1"],
  "env": {
    "NEXT_PUBLIC_SUPABASE_URL": "@next_public_supabase_url",
    "NEXT_PUBLIC_SUPABASE_ANON_KEY": "@next_public_supabase_anon_key"
  },
  "headers": [
    {
      "source": "/(.*)",
      "headers": [
        {
          "key": "X-Content-Type-Options",
          "value": "nosniff"
        },
        {
          "key": "X-Frame-Options",
          "value": "DENY"
        },
        {
          "key": "X-XSS-Protection",
          "value": "1; mode=block"
        },
        {
          "key": "Referrer-Policy",
          "value": "strict-origin-when-cross-origin"
        },
        {
          "key": "Permissions-Policy",
          "value": "camera=(), microphone=(), geolocation=()"
        }
      ]
    }
  ]
}
